{
  "accuracy": 0.6433333333333333,
  "precision": 0.6687898089171974,
  "recall": 0.65625,
  "f1_threshold_05": 0.6624605678233438,
  "f1": 0.7164179104477612,
  "best_threshold": 0.36,
  "baseline_f1": 0.0
}